{
  "feature_mean": [
    -397.41558837890625,
    -38.91245651245117,
    -33.529335021972656,
    64.8126449584961,
    -37.52832794189453,
    8.347740173339844,
    -29.805110931396484,
    -0.8040693998336792,
    -7.871578693389893,
    -11.92073917388916,
    1.5693633556365967,
    -8.14273738861084,
    -4.480716228485107
  ],
  "feature_std": [
    63.92609786987305,
    72.42494201660156,
    32.22230911254883,
    42.72793197631836,
    26.11850929260254,
    23.742063522338867,
    19.66000747680664,
    13.568324089050293,
    13.727575302124023,
    19.04241371154785,
    14.17038631439209,
    10.205585479736328,
    13.888897895812988
  ],
  "n_active_frames": 281,
  "sample_rate": 16000
}