{
  "normalized_features": [
    0.2800009398154971,
    0.35982948185016633,
    0.8204343511907709,
    0.32917485724002976,
    0.6529815473157515,
    0.14043163222079205,
    0.7186265358709054,
    0.4553248735116835,
    0.49388570028642165,
    0.5512518641366528,
    0.5004771027016204,
    0.47280350408160843,
    0.3269884517354716,
    0.3155374665755036,
    0.5487345936560064,
    0.61943461509467,
    0.49432141246844197,
    0.45872824895971737,
    0.5609789786401682,
    0.5043961188962524,
    0.6578798367132465,
    0.32361613677712386,
    0.39026131819079796,
    0.5988024935853205,
    0.4333423159771331,
    0.40991795881635695
  ],
  "n_active_frames": 259
}