{
  "normalized_features": [
    0.4146538496099492,
    0.27304147214706903,
    0.34606072384907055,
    0.6783946304984645,
    0.3385570414209371,
    0.7611243069810734,
    0.37636268369184567,
    0.8184444357991243,
    0.48183629918571397,
    0.5375506585476075,
    0.8649836446644183,
    0.4583219062469536,
    0.630416139826692,
    0.24405387508706444,
    0.4670437806219064,
    0.3660022234338398,
    0.4663531293933645,
    0.47343819518948754,
    0.5285053400900138,
    0.39835978610776535,
    0.3461699662812147,
    0.1919356235134464,
    0.31914724211589895,
    0.4742630212767229,
    0.2720424207156178,
    0.14692600359138344
  ],
  "n_active_frames": 81
}