{
  "min": [
    -548.0077514648438,
    -153.60601806640625,
    -136.37655639648438,
    -70.41899871826172,
    -88.93775177001953,
    -65.90621185302734,
    -69.20116424560547,
    -55.97560119628906,
    -57.25642776489258,
    -58.3065185546875,
    -46.31063461303711,
    -41.403038024902344,
    -43.420536041259766,
    24.36880874633789,
    5.1250505447387695,
    6.933752536773682,
    3.182260036468506,
    5.434110641479492,
    2.024597406387329,
    3.51615309715271,
    3.050997495651245,
    5.20196008682251,
    2.0179364681243896,
    4.455514430999756,
    1.3950002193450928,
    2.783517360687256
  ],
  "max": [
    -203.71827697753906,
    168.03546142578125,
    84.33256530761719,
    131.07032775878906,
    36.496219635009766,
    42.871158599853516,
    40.46436309814453,
    31.370630264282227,
    29.15270233154297,
    32.66407012939453,
    22.065410614013672,
    37.808815002441406,
    18.053651809692383,
    175.3665313720703,
    149.7391357421875,
    78.33038330078125,
    81.37789154052734,
    51.17979049682617,
    54.377376556396484,
    38.233673095703125,
    41.78961944580078,
    33.21256637573242,
    37.37912368774414,
    25.390472412109375,
    27.88152503967285,
    27.79743766784668
  ],
  "n_samples": 6942,
  "description": "MinMax normalization [0,1] для ГОСТ"
}