{
  "min_val": [
    -518.86328125,
    -122.78176879882812,
    -92.74839782714844,
    -70.5166015625,
    -76.1561508178711,
    -55.834144592285156,
    -64.5870132446289,
    -52.9286994934082,
    -45.358036041259766,
    -38.26358413696289,
    -48.2169303894043,
    -29.451364517211914,
    -32.77658462524414,
    30.529272079467773,
    18.214740753173828,
    16.0407657623291,
    11.248367309570312,
    8.672629356384277,
    6.57890510559082,
    6.301495552062988,
    4.984157085418701,
    6.738329887390137,
    7.122832298278809,
    5.9745330810546875,
    5.85360860824585,
    5.3756842613220215
  ],
  "max_val": [
    -211.6792755126953,
    164.6775360107422,
    73.1856918334961,
    98.80404663085938,
    26.121885299682617,
    37.88003158569336,
    22.49725914001465,
    28.260231018066406,
    21.09111976623535,
    23.49688148498535,
    12.974992752075195,
    22.945940017700195,
    18.862524032592773,
    172.17379760742188,
    134.1613311767578,
    77.85150909423828,
    70.87791442871094,
    47.83163833618164,
    39.071327209472656,
    32.18049240112305,
    31.56199836730957,
    32.17233657836914,
    28.155744552612305,
    21.938039779663086,
    23.26702117919922,
    20.164688110351562
  ],
  "n_samples": 1000
}